-- phpMyAdmin SQL Dump
-- version 5.0.2
-- https://www.phpmyadmin.net/
--
-- Host: 127.0.0.1
-- Waktu pembuatan: 07 Sep 2025 pada 10.00
-- Versi server: 10.4.14-MariaDB
-- Versi PHP: 7.3.22

SET SQL_MODE = "NO_AUTO_VALUE_ON_ZERO";
START TRANSACTION;
SET time_zone = "+00:00";


/*!40101 SET @OLD_CHARACTER_SET_CLIENT=@@CHARACTER_SET_CLIENT */;
/*!40101 SET @OLD_CHARACTER_SET_RESULTS=@@CHARACTER_SET_RESULTS */;
/*!40101 SET @OLD_COLLATION_CONNECTION=@@COLLATION_CONNECTION */;
/*!40101 SET NAMES utf8mb4 */;

--
-- Database: `db_pendataanbarang`
--

-- --------------------------------------------------------

--
-- Struktur dari tabel `data_bukti_penerimaan`
--

CREATE TABLE `data_bukti_penerimaan` (
  `tanggal` varchar(15) DEFAULT NULL,
  `id_msuk` varchar(10) DEFAULT NULL,
  `id_brg_masuk` varchar(10) NOT NULL
) ENGINE=InnoDB DEFAULT CHARSET=latin1;

--
-- Dumping data untuk tabel `data_bukti_penerimaan`
--

INSERT INTO `data_bukti_penerimaan` (`tanggal`, `id_msuk`, `id_brg_masuk`) VALUES
('2020-01-01', 'M0007', 'BM0001'),
('2020-01-26', 'M0004', 'BM0004'),
('2020-02-07', 'M0005', 'BM0005');

-- --------------------------------------------------------

--
-- Struktur dari tabel `data_bukti_pengambilan`
--

CREATE TABLE `data_bukti_pengambilan` (
  `tanggal` varchar(15) DEFAULT NULL,
  `id_keluar` varchar(10) DEFAULT NULL,
  `id_brg_keluar` varchar(10) NOT NULL
) ENGINE=InnoDB DEFAULT CHARSET=latin1;

--
-- Dumping data untuk tabel `data_bukti_pengambilan`
--

INSERT INTO `data_bukti_pengambilan` (`tanggal`, `id_keluar`, `id_brg_keluar`) VALUES
('2020-01-01', 'K0004', 'BK0001'),
('2020-02-27', 'K0003', 'BK0005');

-- --------------------------------------------------------

--
-- Struktur dari tabel `data_buku_penerimaan`
--

CREATE TABLE `data_buku_penerimaan` (
  `id_msuk` varchar(10) NOT NULL,
  `tanggal` varchar(15) DEFAULT NULL,
  `bulan` varchar(15) DEFAULT NULL,
  `kd_brng` varchar(10) DEFAULT NULL,
  `nma_brng` varchar(60) DEFAULT NULL,
  `satuan` varchar(10) DEFAULT NULL,
  `vlm_masuk` int(11) DEFAULT NULL,
  `hrg_satuan` int(11) DEFAULT NULL,
  `jml_harga` int(11) DEFAULT NULL
) ENGINE=InnoDB DEFAULT CHARSET=latin1;

--
-- Dumping data untuk tabel `data_buku_penerimaan`
--

INSERT INTO `data_buku_penerimaan` (`id_msuk`, `tanggal`, `bulan`, `kd_brng`, `nma_brng`, `satuan`, `vlm_masuk`, `hrg_satuan`, `jml_harga`) VALUES
('M0003', '2021-01-01', 'Januari', 'B0003', 'Cetak Piagam SIUP', 'lbr', 228, 5000, 1140000),
('M0004', '2020-01-26', 'Januari', 'B0004', 'Kertas HVS', 'rim', 4, 50000, 200000),
('M0005', '2020-02-07', 'Februari', 'B0005', 'Kain pel besar', 'buah', 1, 10000, 10000),
('M0007', '2020-01-01', 'Januari', 'B0006', 'Kertas HVS A4', 'rim', 1, 10000, 10000);

-- --------------------------------------------------------

--
-- Struktur dari tabel `data_buku_pengeluaran`
--

CREATE TABLE `data_buku_pengeluaran` (
  `id_keluar` varchar(10) NOT NULL,
  `tanggal` varchar(15) DEFAULT NULL,
  `bulan` varchar(15) DEFAULT NULL,
  `kd_brng` varchar(10) DEFAULT NULL,
  `nma_brng` varchar(60) DEFAULT NULL,
  `satuan` varchar(10) DEFAULT NULL,
  `vlm_keluar` int(11) DEFAULT NULL
) ENGINE=InnoDB DEFAULT CHARSET=latin1;

--
-- Dumping data untuk tabel `data_buku_pengeluaran`
--

INSERT INTO `data_buku_pengeluaran` (`id_keluar`, `tanggal`, `bulan`, `kd_brng`, `nma_brng`, `satuan`, `vlm_keluar`) VALUES
('K0001', '2020-01-01', 'Januari', 'B0003', 'Cetak Piagam SIUP', 'lbr', 8),
('K0003', '2020-02-27', 'Februari', 'B0005', 'Kain pel besar', 'buah', 1),
('K0004', '2020-01-01', 'Januari', 'B0004', 'Kertas HVS', 'rim', 0),
('K0005', '2021-01-01', 'Januari', 'B0003', 'Cetak Piagam SIUP', 'lbr', 2);

-- --------------------------------------------------------

--
-- Struktur dari tabel `kirim_spj`
--

CREATE TABLE `kirim_spj` (
  `id` int(11) NOT NULL,
  `deskripsi` text NOT NULL,
  `filetype` varchar(12) NOT NULL,
  `filedata` longblob NOT NULL,
  `filename` text NOT NULL,
  `filesize` bigint(20) NOT NULL,
  `unit_kerja` varchar(40) NOT NULL,
  `tanggal` varchar(15) NOT NULL
) ENGINE=InnoDB DEFAULT CHARSET=latin1;

--
-- Dumping data untuk tabel `kirim_spj`
--

INSERT INTO `kirim_spj` (`id`, `deskripsi`, `filetype`, `filedata`, `filename`, `filesize`, `unit_kerja`, `tanggal`) VALUES
(6, '', 'application/', 0x504b030414000600080000002100413782cf6e01000004050000130008025b436f6e74656e745f54797065735d2e786d6c20a2040228a000020000000000000000000000000000000000000000000000000000000000000000000000000000000000000000000000000000000000000000000000000000000000000000000000000000000000000000000000000000000000000000000000000000000000000000000000000000000000000000000000000000000000000000000000000000000000000000000000000000000000000000000000000000000000000000000000000000000000000000000000000000000000000000000000000000000000000000000000000000000000000000000000000000000000000000000000000000000000000000000000000000000000000000000000000000000000000000000000000000000000000000000000000000000000000000000000000000000000000000000000000000000000000000000000000000000000000000000000000000000000000000000000000000000000000000000000000000000000000000000000000000000000000000000000000000000000000000000000000000000000000000000000000000000000000000000000000000000000000000000000000000000000000000000000000000000000000000000000000000000000000000000000000000000000000000000000000000000000000000000000000000000000000000000000000000000000000000000000000000000000000000ac54c96ec23010bd57ea3f44be5689a187aaaa081cba1c5b24e8079878925824b6e51928fc7d27665155b108c125516ccf5b26f33c18adda26594240e36c2efa594f24600ba78dad72f13dfd489f4582a4ac568db3908b35a0180defef06d3b5074cb8da622e6a22ff22251635b40a33e7c1f24ee942ab883f4325bd2ae6aa02f9d8eb3dc9c259024b29751862387883522d1a4ade57bcbc5132335624af9b731d552e94f78d2914b150b9b4fa1f49eacad214a05db168193a431f4069ac01a86d321f0c33860910b13114f2206780062f23ddbacab8320ac3da787c60eb4718ba9de3aeb6755ffc3b82d1908c55a04fd5b277b96ae48f0bf39973f3ec34c8a5ad892dca5a65ec4ef709fe7818657cf56f2ca4f31781cfe8209e3190f179bd840873861069dd00debaed11f41c73ad02e809f1f4563717f017fb940e8ed438388f9cda009777611791ae3af50c04810cec437268d8f68c1cf9abdb0edd9da2411fe096f10e1bfe020000ffff0300504b030414000600080000002100b5553023f40000004c0200000b0008025f72656c732f2e72656c7320a2040228a000020000000000000000000000000000000000000000000000000000000000000000000000000000000000000000000000000000000000000000000000000000000000000000000000000000000000000000000000000000000000000000000000000000000000000000000000000000000000000000000000000000000000000000000000000000000000000000000000000000000000000000000000000000000000000000000000000000000000000000000000000000000000000000000000000000000000000000000000000000000000000000000000000000000000000000000000000000000000000000000000000000000000000000000000000000000000000000000000000000000000000000000000000000000000000000000000000000000000000000000000000000000000000000000000000000000000000000000000000000000000000000000000000000000000000000000000000000000000000000000000000000000000000000000000000000000000000000000000000000000000000000000000000000000000000000000000000000000000000000000000000000000000000000000000000000000000000000000000000000000000000000000000000000000000000000000000000000000000000000000000000000000000000000000000000000000000000000000000000000000000000000ac924d4fc3300c86ef48fc87c8f7d5dd9010424b774148bb21547e8049dc0fb58da3241bddbf271c10541a8303477fbd7efccadbdd3c8deac821f6e234ac8b12143b23b677ad8697fa7175072a2672964671ace1c41176d5f5d5f699474a792876bd8f2aabb8a8a14bc9df2346d3f144b110cf2e571a0913a51c86163d99815ac64d59de62f8ae01d54253edad86b0b737a0ea93cf9b7fd796a6e90d3f88394cecd29915c8736267d9ae7cc86c21f5f91a5553683969b0629e723a22795f646cc0f3449bbf13fd7c2d4e9cc852223412f832cf47c725a0f57f5ab434f1cb9d79c43709c3abc8f0c9828b1fa8de010000ffff0300504b030414000600080000002100544ea09060030000590800000f000000786c2f776f726b626f6f6b2e786d6cac555d6fa338147d5f69ff03e2ddc5264000958e42006da57654b599f6a5d2c805a758059cb54d93aa9aff3ed724a4ed64b5ca76364a6cfcc1f139bee7de9c7ed9b48df5cca4e2a24b6c72826d8b75a5a878f798d8df16050a6d4b69da55b4111d4bec17a6ec2f677ffe71ba16f2e94188270b003a95d8b5d6abd8715459b396aa13b1621dac2c856ca986a17c74d44a325aa99a31dd368e8b71e0b49477f6162196c76088e592972c1365dfb24e6f41246ba806faaae62b35a2b5e531702d954ffd0a95a25d01c4036fb87e19406dab2de3f3c74e48fad080ec0df1ad8d846f003f82a171c79360e9e0a896975228b1d42700ed6c491fe827d821e4c3156c0eefe03824cf91ec999b18ee59c9e093ac823d56f00646f06fa311b0d6e095182eef9368fe9e9b6b9f9d2e79c36eb7d6b5e86af595b626528d6d3554e9bce29a55893d85a158b30f13b25fa53d6f60d58d883bb59db3bd9dafa455b125ed1bbd00238ff090194110b9bed909c698359ac98e6a36179d061fee74fdaee706ec792dc0e1d635fbbbe792416281bf402bb4b48ce983baa2bab67ad924f63cbeffa640fefd4cf5ea3e13ebae11905ff7ef8c490fb3e03f58939646af0382b7a4b6cfbf8a076e321eed77a5a505cfe7d90584e0863e434020ecd52e5fcfe1c6c3efaf240b8210e31ccdf3f90479050e51e4451334f3f31909c80c06b31fa04206712968afeb5d900d66627b10d183a54bba1957088e7b5ebd9dff8a771f64fa5f9a71ed87516acad92d676bf5660733b43677bcabc43ab111c1500e5f3e0ed7c3e21daf740d7e9ab83ea4cd76ee2fc61f6b604c5ccf4c82ed0db3c47e9d924916e60423d09a22cff3529406f084a7b8f0fd2cc4d16c323072de511a0a27501b7aab1bcc7e638a29810a6d7a73bbf02c6373863cafc810bdf1b592362598db74c3c6886037323bd8465f283df4e02b0ef4888767531c7908e7131f7961e4a2d09bb868ee656eee4ff32c4f7d131f53f8e3ffa3fc0df68ec77f14c3b2a6522f242d9fe07fe89a2d53aac0495b41c0f73dd9d40f533c018a5e410ae49108a3340d3ce467c5c49f926c9efbc51b59237ff9c9e2133ac3db8cea1e12d3e4e4308e4d5bec66f793cbedc42e4e1f922ebececcbdefdefeb78d37a0be61476e2e6e8fdc38ff7ab9b83c72ef45bef87e570c46fa47b5ce100dd30e1e72c6189efd040000ffff0300504b030414000600080000002100813e9497f3000000ba0200001a000801786c2f5f72656c732f776f726b626f6f6b2e786d6c2e72656c7320a2040128a0000100000000000000000000000000000000000000000000000000000000000000000000000000000000000000000000000000000000000000000000000000000000000000000000000000000000000000000000000000000000000000000000000000000000000000000000000000000000000000000000000000000000000000000000000000000000000000000000000000000000000000000000000000000000000000000000000000000000000000000000000000000000000000000000000000000000000000000000000000000000000000000000000000000000000000000000000000000000000000000000000000000000000000000000000000000000ac524d4bc43010bd0bfe8730779b761511d9742f22ec55eb0f08c9b429db2621337ef4df1b2aba5d58d64b2f036f8679efcdc776f7350ee20313f5c12ba88a12047a136cef3b056fcdf3cd030862edad1e8247051312eceaebabed0b0e9a7313b93e92c82c9e1438e6f828251987a3a62244f4b9d286346ace3075326a73d01dca4d59decbb4e480fa8453ecad82b4b7b7209a2966e5ffb943dbf6069f82791fd1f31909493c0d7900d1e8d4212bf8c145f608f2bcfc664d79ce6bc1a3fa0ce51cab4b1eaa353d7c86742087c8471f7f299273e5a299bb55efe17442fbca29bfdbf22ccbf4ef66e4c9c7d5df000000ffff0300504b030414000600080000002100518265e68a030000870a000018000000786c2f776f726b7368656574732f7368656574312e786d6c9c935d6bdb301486ef07fb0f42f7b6fcd53636714a1a131636c658dbdd2bf2712222599ea47c6decbfefd821692137a160c3b17df4bcef915e8f1f0f5a911d58274d5bd2388c288156985ab6ab92bebecc831125cef3b6e6cab450d22338fa38f9fc69bc3776e3d6009e20a175255d7bdf158c39b106cd5d683a68f14b63ace61e1fed8ab9ce02af87455ab1248aee99e6b2a52742616f6198a691022a23b61a5a7f825850dca37fb7969d3bd3b4b805a7b9dd6cbb4018dd21622995f4c7014a8916c562d51acb970ae73ec41917e460f14af04ecf32c3fb2b252d8535ce343e44323b79be1e3f6739e3e242ba9eff264c9c310b3bd91fe01b2af998a5f8eec24ade60e90761f71758bf5db6d8cabaa47f9fd269358bd2389856e94390454912e4f9280d46799e3c657995cfb3e93f3a19d7124fb89f8a58684a3a8be3e26bfc40d9643c24e89784bd7b5713cf97cfa04078409598921d3694b4e32bf8c68f66eb29f9638c7e165cc1f73e940abb228c7b1fe4a5319b1eb8c0a5116abb01d46b73e1e50e66a0b07d7187ffc2efc10d9668845d9cbcafcfaee643f47f585243c3b7caff34fb2f20576b8fc25998e196f4992aea63054e6098513a4c11fb1f0000ffff000000ffff94d54b6ec2301485e1ad445e408d1bfa100a9910bf5711a5516150a870a0edee6b535aec7ba44a19e6cb89a5df9334613b8e53d74f7ddb1c0f1fd571cd84605578eff761cdea557ad84e119f59359cc2747833e3eef522acfa14cb7e58bd7c756318c67d5c2dee6ad636433a657339267ec8aaf822443eb78b869fdb860fd749f737e15791200a448318100be2407c2e3cb6df2ee09e5cc0ff9d699d3a7f233a41458228100d62402c8803f1b99459f5acacb42eb3a84841458168100362411c88cfa5cc5aceca4aeb328b8a1454148806312016c481f85ccaac875959695d665191828a02d12006c48238109f4b99f5382b2badcb2c2a525051201ac480581007e27329b39e6665a5759945450a2a0a448318100be2407c2e3f59fcf65bf8060000ffff000000ffff448e4d0ac2301085af12e600d620522849365d89b8f204b199a6c1341392295edfb650ddbdefc1fb5133168f3dc658c5404b620d128cfab9a2e0a8a197b2bbcb161aa39a7fc0a86c3d3e6cf1215511715cc3e7530ba2043f1d9a29efee15c48b98693e6842ebb06c74013112f101ebc8d6fb445eb2a01230b1e5404943b4c9d5c1665c27bae034949b93fba90f95779d10d97c010000ffff0300504b030414000600080000002100c11710be4e070000c620000013000000786c2f7468656d652f7468656d65312e786d6cec59cd8b1b3714bf17fa3f0c7377fc35e38f25dee0cf6c93dd24649d941cb5b6ec5156333292bc1b13022539f55228a4a597426f3d94d240030dbdf48f0924b4e91fd127cdd823ade5249b6c4a5a760d8b47febda7a7f79e7e7af374f1d2bd987a47980bc292965fbe50f23d9c8cd89824d3967f6b3828347c4f48948c1165096ef90b2cfc4bdb9f7e72116dc908c7d803f9446ca1961f4939db2a16c5088691b8c0663881df268cc748c2239f16c71c1d83de98162ba552ad182392f85e8262507b7d322123ec0d954a7f7ba9bc4fe13191420d8c28df57aab125a1b1e3c3b2428885e852ee1d21daf2619e313b1ee27bd2f72812127e68f925fde717b72f16d1562644e50659436ea0ff32b94c607c58d173f2e9c16ad22008835a7ba55f03a85cc7f5ebfd5abfb6d2a70168348295a6b6d83aeb956e90610d50fad5a1bb57ef55cb16ded05f5db3b91daa8f85d7a0547fb0861f0cbae0450baf41293e5cc3879d66a767ebd7a0145f5bc3d74bed5e50b7f46b50444972b8862e85b56a77b9da1564c2e88e13de0c8341bd9229cf51900dabec52534c582237e55a8cee323e008002522449e2c9c50c4fd008b2b88b2839e0c4db25d308126f86122660b854290d4a55f8af3e81fea6238ab63032a4955d6089581b52f67862c4c94cb6fc2ba0d537202f9e3d7bfef0e9f387bf3d7ff4e8f9c35fb2b9b52a4b6e07255353eed58f5ffffdfd17de5fbffef0eaf137e9d427f1c2c4bffcf9cb97bffff13af5b0e2dc152fbe7df2f2e99317df7df5e74f8f1ddadb1c1d98f02189b1f0aee163ef268b61810efbf1013f9dc43042c4924011e876a8eecbc8025e5b20eac275b0edc2db1c58c605bc3cbf6bd9ba1ff1b9248e99af46b105dc638c7618773ae0aa9acbf0f0709e4cdd93f3b989bb89d0916bee2e4aac00f7e733a057e252d98db065e60d8a1289a638c1d253bfb1438c1dabbb4388e5d73d32e24cb089f4ee10af8388d32543726025522eb4436288cbc2652084daf2cdde6dafc3a86bd53d7c6423615b20ea307e88a9e5c6cb682e51ec52394431351dbe8b64e432727fc14726ae2f24447a8a29f3fa632c844be63a87f51a41bf0a0ce30efb1e5dc436924b72e8d2b98b1833913d76d88d503c73da4c92c8c47e260e214591778349177c8fd93b443d431c50b231dcb709b6c2fd6622b805e46a9a942788fa65ce1db1bc8c99bd1f177482b08b65da3cb6d8b5cd89333b3af3a995dabb1853748cc6187bb73e7358d06133cbe7b9d1572260951dec4aac2bc8ce55f59c60016592aa6bd6297297082b65f7f1946db0676f71827816288911dfa4f91a44dd4a5d38e59c547a9d8e0e4de03502e51fe48bd329d705e83092bbbf49eb8d085967977a16ee7c5d702b7e6fb3c7605fde3dedbe04197c6a1920f6b7f6cd10516b823c6186080a0c17dd828815fe5c449dab5a6cee949bd89b360f03144656bd1393e48dc5cf89b227fc77ca1e77017306058f5bf1fb943a9b2865e74481b309f71f2c6b7a689edcc07092ac73d67955735ed5f8fffbaa66d35e3eaf65ce6b99f35ac6f5f6f5416a99bc7c81ca26eff2e89e4fbcb1e5332194eecb05c5bb42777d04bcd18c0730a8db51ba27b96a01ce22f89a35982cdc94232de371263f2732da8fd00c5a4365ddc09c8a4cf554783326a063a487752b159fd0adfb4ef3788f8dd34e67b9acba9aa90b0592f978295c8d43974aa6e85a3defdeadd4eb7ee8547759970628d9d318614c661b517518515f0e42145e67845ed99958d17458d150ea97a15a4671e50a306d151578e5f6e045bde58741da4186661c94e76315a7b499bc8cae0ace99467a9333a9990150622f33208f7453d9ba71796a7569aabd45a42d238c74b38d30d2308217e12c3bcd96fb59c6ba9987d4324fb962b91b7233ea8d0f116b452227b881262653d0c43b6ef9b56a08b72a23346bf913e818c3d77806b923d45b17a253b87619499e6ef87761961917b28744943a5c934eca063191987b94c42d5f2d7f950d34d11ca26d2b5780103e5ae39a402b1f9b7110743bc87832c1236986dd18519e4e1f81e153ae70feaac5df1dac24d91cc2bd1f8d8fbd033ae73711a458582f2b078e89808b8372eacd31819bb01591e5f977e260ca68d7bc8ad239948e233a8b5076a298649ec23589aeccd14f2b1f184fd99ac1a1eb2e3c98aa03f6bd4fdd371fd5ca730669e667a6c52aead47493e9873be40dabf243d4b22aa56efd4e2d72ae6b2eb90e12d5794abce1d47d8b03c1302d9fcc324d59bc4ec38ab3b351dbb4332c080c4fd436f86d7546383df1ae273fc89dcc5a75402ceb4a9df8facadcbcd5660777813c7a707f38a752e850426f972328fad21bc89436608bdc93598d08dfbc39272dff7e296c07dd4ad82d941a61bf10548352a111b6ab85761856cbfdb05cea752a0fe06091515c0ed3ebfa015c61d0457669afc7d72eeee3e52dcd85118b8b4c5fcc17b5e1fae2be5cd97c71ef11209dfbb5caa0596d766a8566b53d2804bd4ea3d0ecd63a855ead5bef0d7addb0d11c3cf0bd230d0edad56e50eb370ab572b75b086a25657ea359a807954a3ba8b71bfda0fd202b6360e5297d64be00f76abbb6ff010000ffff0300504b03041400060008000000210041d4ed07e60200003d0700000d000000786c2f7374796c65732e786d6cb4555b6f9b30147e9fb4ff60f99d1a68489308989aa64893ba69523b69af0e98c4aa2fc83819d9b4ffbe634c12aaeeda692fc1e7f8f83bdfb9267dd34981f6ccb45cab0c471721464c95bae26a93e18f0f4530c3a8b554555468c5327c602d7e93bf7e95b6f620d8fd96318b0042b519de5adb2c0869cb2d93b4bdd00d5370536b23a905d16c48db1846abd63d9282c46138259272853dc242967f0222a979dc3541a965432d5f73c1eda1c7c248968bb71ba50d5d0ba0da45135aa22e9a9a1875e6e8a4d73ef323796974ab6b7b01b844d7352fd973ba733227b43c2301f2cb90a28484f193d83bf342a409316ccf5df9709ed65ad916957aa76c866320ea52b07854fab32adc155478b0cad3f60bda53019a08933c2db5d00659281d64aed7282a99b7b8a182af0d776635955c1cbc3a768abeda839de4907ba7248e876773f673d5dbff0f3fbdbb16fc712146d17b459e429b58665401b768383f1c1a085341477bba70f55beb8da187284e460f48ef304fd7da543041c7bcbb147b559e0a565b4888e19badfb5addc0ef5a5b0b5d96a715a71bada870293bbe180e104ec984b87753f6a97e82ddd548ed6421eddb2ac330af2ed9c72304321c3d9e171cfe18cd638f6063a0fcf7b0a8ab4ff83f7b1d01bf1f933abd46b469c4c1f5a7eb3c2f5d0bbe519279559e42037a116db5e15fc0d4756e09f7cc375c570f214250a3cc3dc9db2903c8b57686dfbbcd2460488628d07ac785e5ea073903ccaa3b5721744d60dd96e9eb73f202c5a8584d77c23e9c2e337c3ebf6315df4998cbc1ea03df6bdb4364f87cbe73cd124d9d0fd6d9bb162609be68677886bfde2eafe6abdb220e66e172164c2e5912cc93e52a482637cbd5aa98877178f36db4ebfe61d3f5ab19fa229a2c5a01fbd00cc10ee4efcfba0c8f044fbf1f13a03de63e8fa7e175128541711946c1644a67c16c7a99044512c5abe964799b14c9887bf2c28d189228f2bbd5914f16964b26b83ad6ea58a1b1168a04e22f8220c74a90f3ff5efe1d0000ffff0300504b03041400060008000000210063e410f6a3000000ba00000014000000786c2f736861726564537472696e67732e786d6c348d310f823010467713ff4373bb141d8c31a58448dcd860706ce09426f48adc61f4df5b07c7f77d7979a67c8749bd70611fa9807d968342eae3e0e95140d75e7727502c8e063745c2023ec850daedc6308b4a2e7101a3c87cd69afb1183e32cce48e9b9c7253849b83c34cf0bba81474409933ee4f95107e709541f5792d405b5927fae78f9b335ecad115b576da5eaae696e468b35fab7ead4b65f000000ffff0300504b0304140006000800000021003b6d324bc10000004201000023000000786c2f776f726b7368656574732f5f72656c732f7368656574312e786d6c2e72656c73848fc18ac2301445f703fe43787b93d6850c43533722b855e70362fada06db9790f714fd7bb31c65c0e5e570cfe5369bfb3ca91b660e912cd4ba0285e4631768b0f07bda2dbf41b138eadc14092d3c9061d32ebe9a034e4e4a89c79058150bb1855124fd18c37ec4d9b18e09a9903ee6d949897930c9f98b1bd0acaa6a6df25f07b42f4eb5ef2ce47d57833a3d5259feec8e7d1f3c6ea3bfce48f2cf84493990603ea24839c845edf2806241eb77f69e6b7d0e04a66dcccbf3f6090000ffff0300504b0304140006000800000021006fd8d81bba0100003415000027000000786c2f7072696e74657253657474696e67732f7072696e74657253657474696e6773312e62696eec94cb4ac3501086ff345e8a1b1504372ec4a5b4d8d278db59927823694bd34a77526c848026254d111517e243b8f155041fc10770ed42c40770a3ffa91545442ab811e6843973cd9ce423191701f610234287b28f04b3a8d00f10f6ec845115b1b08eef9636a48fdca131a52f684841c3c358946e518fa391527e23a57377e0b35bc23dfeb6cbef825abf5ce91445e917ae8d2dcff8dcc9da2ad5e7708b8c9e99bcbcf6567f3a65b8972cfdc1d3498bff4ae0fdbb1ae4f96f59e4b9b56d553b811b9c22871518fc4b72c8732f220b1b4b283096a55858e695654d81719b568ebe413f4f6dd22b60b1e79db163d5f62cc7413d0c62bfa3ac4ab3edc75e70e2c3b16b35bb8a721cf861d24c822884532c599e59acd8bba6b99a43d5ef4407dd5e8666b9adac3ccce8208adda8e5bf595fdf313309ec1896fbcee06aac3d37c3a2478a4e79d6ca69e3fec8bd781add9cbe593c57efeff473487f7453b5ca9fef6be5af5176943f017288386fba38e42c5013a6ceb9a3a642054d5a1d1c311fa3c5e2af9565e6c2016b4df638469bfd3ddea1ce53132d614c961010024240080801212004848010100242400808012120040621f00a0000ffff0300504b0304140006000800000021009d5a0fcc450100006502000011000801646f6350726f70732f636f72652e786d6c20a2040128a00001000000000000000000000000000000000000000000000000000000000000000000000000000000000000000000000000000000000000000000000000000000000000000000000000000000000000000000000000000000000000000000000000000000000000000000000000000000000000000000000000000000000000000000000000000000000000000000000000000000000000000000000000000000000000000000000000000000000000000000000000000000000000000000000000000000000000000000000000000000000000000000000000000000000000000000000000000000000000000000000000000000000000000000000000000000008c92cb6ec2301444f795fa0f91f7899d40295849501f6255a44aa5ea6367d917b01a3b916d1af8fb3a09a44174d1a5ef8c8f67ae9ccef7aa08bec15859ea0cc5114101685e0aa937197a5d2dc2290aac635ab0a2d490a1035834cfafaf525e515e1a78366505c649b08127694b7995a1ad7315c5d8f22d286623efd05e5c974631e78f66832bc6bfd8067042c8042b704c30c770030cab9e888e48c17b64b533450b101c43010ab4b3388e62fceb756094fdf342ab0c9c4aba43e53b1de30ed9827762efde5bd91bebba8eea511bc3e78ff1fbf2e9a5ad1a4addec8a03ca53c12937c05c69f28f9dd8b2e0ce489be2c1b85961c1ac5bfa6daf2588fbc399f352f5ccb642070611f850b4ab7052de460f8fab05ca1392dc84641692db1599d0d1948e679fcde367f79b90dd401d23fc9b3826348907c413204ff1c5c7c87f000000ffff0300504b03041400060008000000210061490910890100001103000010000801646f6350726f70732f6170702e786d6c20a2040128a00001000000000000000000000000000000000000000000000000000000000000000000000000000000000000000000000000000000000000000000000000000000000000000000000000000000000000000000000000000000000000000000000000000000000000000000000000000000000000000000000000000000000000000000000000000000000000000000000000000000000000000000000000000000000000000000000000000000000000000000000000000000000000000000000000000000000000000000000000000000000000000000000000000000000000000000000000000000000000000000000000000000000000000000000000000000009c92416fdb300c85ef03fa1f0cdd1b39dd500c81ac624857f4b0610192b6674da663a1b22488ac91ecd78fb6d1d4d97aea8de47b78fa4449dd1c3a5ff490d1c55089e5a21405041b6b17f69578d8dd5d7e15059209b5f13140258e80e2465f7c529b1c13647280054704ac444b945652a26da133b86039b0d2c4dc19e236ef656c1a67e136da970e02c9abb2bc9670200835d497e91428a6c4554f1f0dada31df8f071774c0cacd5b794bcb386f896faa7b339626ca8f87eb0e0959c8b8ae9b6605fb2a3a32e959cb76a6b8d873507ebc6780425df06ea1eccb0b48d7119b5ea69d583a5980b747f786d57a2f86d10069c4af4263b1388b106dbd48cb54f48593fc5fc8c2d00a1926c98866339f7ce6bf7452f470317e7c621600261e11c71e7c803fe6a3626d33bc4cb39f1c830f14e38db816f3a73ce375e994ffa277b1dbb64c2918553f5c385677c48bb786b085ed7793e54dbd664a8f9054eeb3e0dd43d6f32fb2164dd9ab087fad5f3bf303cfee3f4c3f5f27a517e2ef95d673325dffeb2fe0b0000ffff0300504b01022d0014000600080000002100413782cf6e010000040500001300000000000000000000000000000000005b436f6e74656e745f54797065735d2e786d6c504b01022d0014000600080000002100b5553023f40000004c0200000b00000000000000000000000000a70300005f72656c732f2e72656c73504b01022d0014000600080000002100544ea09060030000590800000f00000000000000000000000000cc060000786c2f776f726b626f6f6b2e786d6c504b01022d0014000600080000002100813e9497f3000000ba0200001a00000000000000000000000000590a0000786c2f5f72656c732f776f726b626f6f6b2e786d6c2e72656c73504b01022d0014000600080000002100518265e68a030000870a000018000000000000000000000000008c0c0000786c2f776f726b7368656574732f7368656574312e786d6c504b01022d0014000600080000002100c11710be4e070000c620000013000000000000000000000000004c100000786c2f7468656d652f7468656d65312e786d6c504b01022d001400060008000000210041d4ed07e60200003d0700000d00000000000000000000000000cb170000786c2f7374796c65732e786d6c504b01022d001400060008000000210063e410f6a3000000ba0000001400000000000000000000000000dc1a0000786c2f736861726564537472696e67732e786d6c504b01022d00140006000800000021003b6d324bc1000000420100002300000000000000000000000000b11b0000786c2f776f726b7368656574732f5f72656c732f7368656574312e786d6c2e72656c73504b01022d00140006000800000021006fd8d81bba010000341500002700000000000000000000000000b31c0000786c2f7072696e74657253657474696e67732f7072696e74657253657474696e6773312e62696e504b01022d00140006000800000021009d5a0fcc45010000650200001100000000000000000000000000b21e0000646f6350726f70732f636f72652e786d6c504b01022d001400060008000000210061490910890100001103000010000000000000000000000000002e210000646f6350726f70732f6170702e786d6c504b0506000000000c000c0026030000ed2300000000, 'BKU THN 2020.xlsx', 10025, 'Tata Pemerintahan', '2025/09/07');

-- --------------------------------------------------------

--
-- Struktur dari tabel `stok_barang`
--

CREATE TABLE `stok_barang` (
  `kd_brng` varchar(10) NOT NULL,
  `nma_brng` varchar(60) NOT NULL,
  `satuan` varchar(10) NOT NULL,
  `jumlah_stok` int(11) NOT NULL
) ENGINE=InnoDB DEFAULT CHARSET=latin1;

--
-- Dumping data untuk tabel `stok_barang`
--

INSERT INTO `stok_barang` (`kd_brng`, `nma_brng`, `satuan`, `jumlah_stok`) VALUES
('B0003', 'Cetak Piagam SIUP', 'lbr', 219),
('B0004', 'Kertas HVS', 'rim', 4),
('B0005', 'Kain pel besar', 'buah', 0),
('B0006', 'Kertas HVS A4', 'rim', 1);

-- --------------------------------------------------------

--
-- Struktur dari tabel `users`
--

CREATE TABLE `users` (
  `nama` varchar(35) DEFAULT NULL,
  `NIP` varchar(30) NOT NULL,
  `username` varchar(20) DEFAULT NULL,
  `password` varchar(20) DEFAULT NULL,
  `unit_kerja` varchar(40) NOT NULL,
  `bagian` varchar(35) DEFAULT NULL
) ENGINE=InnoDB DEFAULT CHARSET=latin1;

--
-- Dumping data untuk tabel `users`
--

INSERT INTO `users` (`nama`, `NIP`, `username`, `password`, `unit_kerja`, `bagian`) VALUES
('Widyastuti, A.Md', '0120', 'tapem', 'tapem123', 'Tata Pemerintahan', 'Staff'),
('Administrator', '047', 'admin', 'admin123', 'Admin', 'Admin'),
('Agus Pontjo Silastyo', '1010', 'kesra', 'kesra123', 'Kesejahteraan Rakyat', 'Staff'),
('Rifa\'i, S.H, M.si', '1011', 'camat', 'camat123', 'Camat Undaan', 'Camat'),
('Mamfu Handogo', '1982', 'tramtip', 'tramtip123', 'Ketentraman dan Ketertiban Umum', 'Staff'),
('Annas Wahyudi, A.Md', '2005', 'gudang', 'gudang123', 'Penyimpan Barang', 'Gudang'),
('Kamdun', '2008', 'ekbang', 'ekbang123', 'Ekonomi dan Pembangunan', 'Staff'),
('Rahmawati Dewi, A.Md', '8001', 'yanum', 'yanum123', 'Pelayanan Umum', 'Staff'),
('Sancaka Dwi Supani S.PD, M.PD', '8021', 'sekretariat', 'sekretariat123', 'Sekretariat', 'Staff');

--
-- Indexes for dumped tables
--

--
-- Indeks untuk tabel `data_bukti_penerimaan`
--
ALTER TABLE `data_bukti_penerimaan`
  ADD PRIMARY KEY (`id_brg_masuk`),
  ADD KEY `id_msuk` (`id_msuk`);

--
-- Indeks untuk tabel `data_bukti_pengambilan`
--
ALTER TABLE `data_bukti_pengambilan`
  ADD PRIMARY KEY (`id_brg_keluar`),
  ADD KEY `id_keluar` (`id_keluar`);

--
-- Indeks untuk tabel `data_buku_penerimaan`
--
ALTER TABLE `data_buku_penerimaan`
  ADD PRIMARY KEY (`id_msuk`),
  ADD KEY `kd_brng` (`kd_brng`);

--
-- Indeks untuk tabel `data_buku_pengeluaran`
--
ALTER TABLE `data_buku_pengeluaran`
  ADD PRIMARY KEY (`id_keluar`),
  ADD KEY `kd_brng` (`kd_brng`);

--
-- Indeks untuk tabel `kirim_spj`
--
ALTER TABLE `kirim_spj`
  ADD PRIMARY KEY (`id`);

--
-- Indeks untuk tabel `stok_barang`
--
ALTER TABLE `stok_barang`
  ADD PRIMARY KEY (`kd_brng`);

--
-- Indeks untuk tabel `users`
--
ALTER TABLE `users`
  ADD PRIMARY KEY (`NIP`) USING BTREE;

--
-- AUTO_INCREMENT untuk tabel yang dibuang
--

--
-- AUTO_INCREMENT untuk tabel `kirim_spj`
--
ALTER TABLE `kirim_spj`
  MODIFY `id` int(11) NOT NULL AUTO_INCREMENT, AUTO_INCREMENT=7;

--
-- Ketidakleluasaan untuk tabel pelimpahan (Dumped Tables)
--

--
-- Ketidakleluasaan untuk tabel `data_bukti_penerimaan`
--
ALTER TABLE `data_bukti_penerimaan`
  ADD CONSTRAINT `data_bukti_penerimaan_ibfk_1` FOREIGN KEY (`id_msuk`) REFERENCES `data_buku_penerimaan` (`id_msuk`);

--
-- Ketidakleluasaan untuk tabel `data_bukti_pengambilan`
--
ALTER TABLE `data_bukti_pengambilan`
  ADD CONSTRAINT `data_bukti_pengambilan_ibfk_1` FOREIGN KEY (`id_keluar`) REFERENCES `data_buku_pengeluaran` (`id_keluar`);

--
-- Ketidakleluasaan untuk tabel `data_buku_penerimaan`
--
ALTER TABLE `data_buku_penerimaan`
  ADD CONSTRAINT `data_buku_penerimaan_ibfk_1` FOREIGN KEY (`kd_brng`) REFERENCES `stok_barang` (`kd_brng`);

--
-- Ketidakleluasaan untuk tabel `data_buku_pengeluaran`
--
ALTER TABLE `data_buku_pengeluaran`
  ADD CONSTRAINT `data_buku_pengeluaran_ibfk_1` FOREIGN KEY (`kd_brng`) REFERENCES `stok_barang` (`kd_brng`);
COMMIT;

/*!40101 SET CHARACTER_SET_CLIENT=@OLD_CHARACTER_SET_CLIENT */;
/*!40101 SET CHARACTER_SET_RESULTS=@OLD_CHARACTER_SET_RESULTS */;
/*!40101 SET COLLATION_CONNECTION=@OLD_COLLATION_CONNECTION */;
